{"2_2_1": {"time_elapsed": 0.03330826759338379, "optimal_value": 1.0689207823182691}, "2_2_3": {"time_elapsed": 0.02841782569885254, "optimal_value": 1.983106360465141}, "2_2_5": {"time_elapsed": 0.027983665466308594, "optimal_value": 1.713170317980974}, "2_2_7": {"time_elapsed": 0.0286257266998291, "optimal_value": 0.5784823246501815}, "2_4_1": {"time_elapsed": 0.04390263557434082, "optimal_value": 0.5443124174467691}, "2_4_3": {"time_elapsed": 0.044081926345825195, "optimal_value": 0.09087357516487549}, "2_4_5": {"time_elapsed": 0.04382920265197754, "optimal_value": 0.8484195127351694}, "2_4_7": {"time_elapsed": 0.05790591239929199, "optimal_value": 3.669981331938196}, "2_6_1": {"time_elapsed": 0.06090521812438965, "optimal_value": 1.6307406538901466}, "2_6_3": {"time_elapsed": 0.058913230895996094, "optimal_value": 3.8376987492548995}, "2_6_5": {"time_elapsed": 0.05910205841064453, "optimal_value": 1.9258214385299652}, "2_6_7": {"time_elapsed": 0.060339927673339844, "optimal_value": 2.1515489027782353}, "2_8_1": {"time_elapsed": 0.07586002349853516, "optimal_value": 1.408974849073328}, "2_8_3": {"time_elapsed": 0.0777127742767334, "optimal_value": 3.4482037551842506}, "2_8_5": {"time_elapsed": 0.09107089042663574, "optimal_value": 1.301724948064143}, "2_8_7": {"time_elapsed": 0.07636284828186035, "optimal_value": -1}, "5_2_1": {"time_elapsed": 0.057008981704711914, "optimal_value": 2.05049705210331}, "5_2_3": {"time_elapsed": 0.056728363037109375, "optimal_value": 1.4277915896271587}, "5_2_5": {"time_elapsed": 0.05624222755432129, "optimal_value": 1.8514978455828726}, "5_2_7": {"time_elapsed": 0.05714011192321777, "optimal_value": 0.042882125886535505}, "5_4_1": {"time_elapsed": 0.11446213722229004, "optimal_value": 7.946670436238492}, "5_4_3": {"time_elapsed": 0.09581971168518066, "optimal_value": 3.61099069429838}, "5_4_5": {"time_elapsed": 0.09583616256713867, "optimal_value": 5.90514551046144}, "5_4_7": {"time_elapsed": 0.09590935707092285, "optimal_value": 5.599019286350085}, "5_6_1": {"time_elapsed": 0.1549234390258789, "optimal_value": 31.34795247762304}, "5_6_3": {"time_elapsed": 0.13559317588806152, "optimal_value": 72.89094501706859}, "5_6_5": {"time_elapsed": 0.13422608375549316, "optimal_value": 44.4154269802566}, "5_6_7": {"time_elapsed": 0.1586308479309082, "optimal_value": 14.033160094849437}, "5_8_1": {"time_elapsed": 0.18331003189086914, "optimal_value": 129.34223753847476}, "5_8_3": {"time_elapsed": 0.198822021484375, "optimal_value": 388.89627046811125}, "5_8_5": {"time_elapsed": 0.18508219718933105, "optimal_value": 89.38451345570502}, "5_8_7": {"time_elapsed": 0.20633387565612793, "optimal_value": 47.98445573360368}, "8_2_1": {"time_elapsed": 0.08546185493469238, "optimal_value": 1.091175203298917}, "8_2_3": {"time_elapsed": 0.08571720123291016, "optimal_value": 1.7372892273087928}, "8_2_5": {"time_elapsed": 0.08442807197570801, "optimal_value": 0.970325407691716}, "8_2_7": {"time_elapsed": 0.08579707145690918, "optimal_value": 1.1487819145115192}, "8_4_1": {"time_elapsed": 0.16647863388061523, "optimal_value": 10.384384092016262}, "8_4_3": {"time_elapsed": 0.14927339553833008, "optimal_value": 9.78289916869835}, "8_4_5": {"time_elapsed": 0.14668655395507812, "optimal_value": 5.697822451678803}, "8_4_7": {"time_elapsed": 0.15424871444702148, "optimal_value": 8.292122047405428}, "8_6_1": {"time_elapsed": 0.22139549255371094, "optimal_value": 209.69153761703572}, "8_6_3": {"time_elapsed": 0.22496843338012695, "optimal_value": 153.4120291015024}, "8_6_5": {"time_elapsed": 0.24003171920776367, "optimal_value": 157.08712162541997}, "8_6_7": {"time_elapsed": 0.2233428955078125, "optimal_value": 242.35417940902698}, "8_8_1": {"time_elapsed": 0.30844950675964355, "optimal_value": 1814.6506049722047}, "8_8_3": {"time_elapsed": 0.3098335266113281, "optimal_value": 1155.080686192854}, "8_8_5": {"time_elapsed": 0.2813379764556885, "optimal_value": 2046.029878429733}, "8_8_7": {"time_elapsed": 0.2892117500305176, "optimal_value": 1884.1588366641336}, "11_2_1": {"time_elapsed": 0.11383461952209473, "optimal_value": 1.2640977044902684}, "11_2_3": {"time_elapsed": 0.11529374122619629, "optimal_value": 1.2268768570538668}, "11_2_5": {"time_elapsed": 0.1135108470916748, "optimal_value": 2.3626062756447936}, "11_2_7": {"time_elapsed": 0.11298131942749023, "optimal_value": 1.5563907824325725}, "11_4_1": {"time_elapsed": 0.2243175506591797, "optimal_value": 5.204407557617431}, "11_4_3": {"time_elapsed": 0.20807671546936035, "optimal_value": 14.229346324740618}, "11_4_5": {"time_elapsed": 0.21059441566467285, "optimal_value": 16.322123639267375}, "11_4_7": {"time_elapsed": 0.23035860061645508, "optimal_value": 7.186077589143679}, "11_6_1": {"time_elapsed": 0.30886173248291016, "optimal_value": 359.0053879663792}, "11_6_3": {"time_elapsed": 0.31621599197387695, "optimal_value": 501.28682798675436}, "11_6_5": {"time_elapsed": 0.31936216354370117, "optimal_value": 485.2714482553238}, "11_6_7": {"time_elapsed": 0.32308506965637207, "optimal_value": 449.7474831524123}, "11_8_1": {"time_elapsed": 0.40273618698120117, "optimal_value": -1}, "11_8_3": {"time_elapsed": 0.4077157974243164, "optimal_value": -1}, "11_8_5": {"time_elapsed": 0.41012120246887207, "optimal_value": 8030.79902669024}, "11_8_7": {"time_elapsed": 0.4014406204223633, "optimal_value": -1}, "14_2_1": {"time_elapsed": 0.1422865390777588, "optimal_value": 1.3652802701981273}, "14_2_3": {"time_elapsed": 0.16014623641967773, "optimal_value": 1.8806991218261828}, "14_2_5": {"time_elapsed": 0.1411902904510498, "optimal_value": 1.874739747746889}, "14_2_7": {"time_elapsed": 0.14283347129821777, "optimal_value": 1.2264836600115814}, "14_4_1": {"time_elapsed": 0.2758021354675293, "optimal_value": 41.46660625684308}, "14_4_3": {"time_elapsed": 0.2847564220428467, "optimal_value": 34.34237534224714}, "14_4_5": {"time_elapsed": 0.26782894134521484, "optimal_value": 29.673875682277867}, "14_4_7": {"time_elapsed": 0.2677958011627197, "optimal_value": 19.623300221363024}, "14_6_1": {"time_elapsed": 0.4194154739379883, "optimal_value": 1004.3543023509155}, "14_6_3": {"time_elapsed": 0.41245508193969727, "optimal_value": 2513.4378683053474}, "14_6_5": {"time_elapsed": 0.4124724864959717, "optimal_value": 2789.378664034164}, "14_6_7": {"time_elapsed": 0.42430639266967773, "optimal_value": 438.09166499173443}, "14_8_1": {"time_elapsed": 0.5108246803283691, "optimal_value": -1}, "14_8_3": {"time_elapsed": 0.5091111660003662, "optimal_value": -1}, "14_8_5": {"time_elapsed": 0.5036830902099609, "optimal_value": -1}, "14_8_7": {"time_elapsed": 0.5074062347412109, "optimal_value": -1}, "17_2_1": {"time_elapsed": 0.1719951629638672, "optimal_value": 1.983676195206499}, "17_2_3": {"time_elapsed": 0.1909315586090088, "optimal_value": 2.2745505142702314}, "17_2_5": {"time_elapsed": 0.17365050315856934, "optimal_value": 2.3452199136809213}, "17_2_7": {"time_elapsed": 0.17249631881713867, "optimal_value": 1.7627077517536236}, "17_4_1": {"time_elapsed": 0.32692480087280273, "optimal_value": 33.57002762623233}, "17_4_3": {"time_elapsed": 0.3296992778778076, "optimal_value": 12.102172051116213}, "17_4_5": {"time_elapsed": 0.3297154903411865, "optimal_value": 51.594251714702075}, "17_4_7": {"time_elapsed": 0.3359997272491455, "optimal_value": 27.553133590528887}, "17_6_1": {"time_elapsed": 0.5056972503662109, "optimal_value": 2152.458747411012}, "17_6_3": {"time_elapsed": 0.5106444358825684, "optimal_value": 2691.8376020700853}, "17_6_5": {"time_elapsed": 0.510077953338623, "optimal_value": 3012.7609052207554}, "17_6_7": {"time_elapsed": 0.49501562118530273, "optimal_value": 2317.3780290539326}, "17_8_1": {"time_elapsed": 0.6078274250030518, "optimal_value": -1}, "17_8_3": {"time_elapsed": 0.6171886920928955, "optimal_value": -1}, "17_8_5": {"time_elapsed": 0.6138074398040771, "optimal_value": -1}, "17_8_7": {"time_elapsed": 0.61026930809021, "optimal_value": -1}, "20_2_1": {"time_elapsed": 0.20308208465576172,