{"2_2_1": {"time_elapsed": 0.03352761268615723, "optimal_value": 0.19658928307387397}, "2_3_1": {"time_elapsed": 0.03797650337219238, "optimal_value": 0.33347531454445384}, "2_4_1": {"time_elapsed": 0.04553079605102539, "optimal_value": 0.15305175468086707}, "2_5_1": {"time_elapsed": 0.05213356018066406, "optimal_value": 0.33645207099999785}, "4_2_1": {"time_elapsed": 0.04937434196472168, "optimal_value": 0.5121109442614358}, "4_3_1": {"time_elapsed": 0.08494997024536133, "optimal_value": 0.4186041867182877}, "4_4_1": {"time_elapsed": 0.08143329620361328, "optimal_value": 0.6464778718264825}, "4_5_1": {"time_elapsed": 0.09812307357788086, "optimal_value": 0.29464127465675044}, "6_2_1": {"time_elapsed": 0.0669393539428711, "optimal_value": -8.881784197001252e-15}, "6_3_1": {"time_elapsed": 0.1058492660522461, "optimal_value": 0.4075483824959773}, "6_4_1": {"time_elapsed": 0.17505097389221191, "optimal_value": 0.257336162762886}, "6_5_1": {"time_elapsed": 0.18592381477355957, "optimal_value": 0.6596570465965169}, "8_2_1": {"time_elapsed": 0.09389877319335938, "optimal_value": 0.15595772109474676}, "8_3_1": {"time_elapsed": 0.14818835258483887, "optimal_value": 0.17263383266407667}, "8_4_1": {"time_elapsed": 0.15703701972961426, "optimal_value": -1}, "8_5_1": {"time_elapsed": 0.368849515914917, "optimal_value": 0.967490035543082}, "10_2_1": {"time_elapsed": 0.13181209564208984, "optimal_value": 0.3909756814897546}, "10_3_1": {"time_elapsed": 0.20990514755249023, "optimal_value": 0.22096039965687952}, "10_4_1": {"time_elapsed": 0.6517512798309326, "optimal_value": 0.7971019121082199}, "10_5_1": {"time_elapsed": 2.1275203227996826, "optimal_value": 0.9038413866594046}, "12_2_1": {"time_elapsed": 0.13051486015319824, "optimal_value": -1}, "12_3_1": {"time_elapsed": 0.22890949249267578, "optimal_value": 0.8403659299118026}, "12_4_1": {"time_elapsed": 0.6572701930999756, "optimal_value": 0.8956207063602598}, "12_5_1": {"time_elapsed": 1.047903060913086, "optimal_value": 0.34550425236296245}, "14_2_1": {"time_elapsed": 0.1889171600341797, "optimal_value": 0.33460146092536164}, "14_3_1": {"time_elapsed": 0.9629666805267334, "optimal_value": 0.01997880946620436}, "14_4_1": {"time_elapsed": 0.9789943695068359, "optimal_value": 0.41606770556851913}, "14_5_1": {"time_elapsed": 22.50749135017395, "optimal_value": 0.40767495706961476}, "16_2_1": {"time_elapsed": 0.17366528511047363, "optimal_value": -1}, "16_3_1": {"time_elapsed": 0.354825496673584, "optimal_value": 0.7035827757758031}, "16_4_1": {"time_elapsed": 2.3301033973693848, "optimal_value": 0.7294031786281746}, "16_5_1": {"time_elapsed": 1.8588082790374756, "optimal_value": 1.2329045925462145}, "18_2_1": {"time_elapsed": 0.22912144660949707, "optimal_value": 0.532484738857782}, "18_3_1": {"time_elapsed": 0.4743199348449707, "optimal_value": 0.1887945484726287}, "18_4_1": {"time_elapsed": 1.6132848262786865, "optimal_value": 0.2594260508400409}, "18_5_1": {"time_elapsed": 1.9894030094146729, "optimal_value": 1.2616099292363003}, "20_2_1": {"time_elapsed": 0.23172473907470703, "optimal_value": -1}, "20_3_1": {"time_elapsed": 1.5658197402954102, "optimal_value": 0.10559578332867413}, "20_4_1": {"time_elapsed": 2.7237436771392822, "optimal_value": 1.2226415082176731}, "20_5_1": {"time_elapsed": 2.615628242492676, "optimal_value": 1.1485653742283892}, "22_2_1": {"time_elapsed": 0.2554788589477539, "optimal_value": -1}, "22_3_1": {"time_elapsed": 2.0298023223876953, "optimal_value": -1}, "22_4_1": {"time_elapsed": 1.5010147094726562, "optimal_value": 0.8340432289586692}, "22_5_1": {"time_elapsed": 5.437183856964111, "optimal_value": 2.6848417196777628}, "24_2_1": {"time_elapsed": 0.293842077255249, "optimal_value": -1}, "24_3_1": {"time_elapsed": 1.4246649742126465, "optimal_value": 0.5251603456478897}, "24_4_1": {"time_elapsed": 7.033827304840088, "optimal_value": -1}, "24_5_1": {"time_elapsed": 5.633685350418091, "optimal_value": -1}, "26_2_1": {"time_elapsed": 0.3332545757293701, "optimal_value": 0.17249518917059153}, "26_3_1": {"time_elapsed": 1.3348960876464844, "optimal_value": 0.07708958125889498}, "26_4_1": {"time_elapsed": 7.243090391159058, "optimal_value": 1.3505885139550784}, "26_5_1": {"time_elapsed": 16.792195081710815, "optimal_value": 1.8369625226142314}}